Filename,Category,DOI
10.1007_0-8176-4462-8_3.pdf,Unknown,N/A
10.1007_978-1-4939-8805-1_5.pdf,Unknown,"10.1007/978-1-4939-8805-1_5,©SpringerScience+BusinessMedia,LLC,partofSpringerNature2019"
10.1007_978-90-481-3055-9_17.pdf,Unknown,"10.1007/978-90-481-3055-9_17,"
10.1007_978-94-007-4978-8_4.pdf,Unknown,"10.1007/978-94-007-4978-8,"
10.1016_b978-0-323-53088-0.00017-8.pdf,Unknown,N/A
10.1016_j.colsurfb.2018.10.055.pdf,Unknown,10.1016/j.colsurfb.2018.10.055
10.1038_s41598-018-33516-6.pdf,Unknown,10.1038/s41598-018-33516-6
10.1089_jayao.2018.0116.pdf,Unknown,10.1089/jayao.2018.0116
10.1093_eurheartj_ehy565.p2638.pdf,Unknown,N/A
10.1093_mnras_sty2949.pdf,Unknown,10.1093/mnras/sty2949
10.1101_gr.234724.118.pdf,Unknown,10.1371/journal.pone.0128036
10.1108_ijoem-06-2017-0215.pdf,Unknown,10.1108/IJoEM-06-2017-0215
10.1111_bjd.16813.pdf,Unknown,10.1111/bjd.16813
10.1152_jappl.1998.84.6.1902.pdf,Unknown,N/A
10.1590_s0006-87052010000400019.pdf,Unknown,N/A
10.1590_s0100-29452006000300008.pdf,Unknown,N/A
10.5371_jkhs.2006.18.1.6.pdf,Unknown,N/A
10.5625_lar.2010.26.3.265.pdf,Unknown,N/A
10.5901_mjss.2015.v6n6s6p191.pdf,Unknown,10.5901/mjss.2015.v6n6s6p191
103-106Kju019-최종.hwp.pdf,Unknown,N/A
10_3m1YbIr.1007_978-1-4939-8805-1_5.pdf,Unknown,"10.1007/978-1-4939-8805-1_5,©SpringerScience+BusinessMedia,LLC,partofSpringerNature2019"
10_kN4zPBg.1093_mnras_sty2949.pdf,Unknown,10.1093/mnras/sty2949
11Q_duplication_in_a_patient_with_Pitt-Rogers-Danks_phenotype..pdf,Medicine,N/A
1997_Vth_World_Congress_of_Psychiatric_Genetics__Santa_Fe__New_Mexico__October_19-23__1997_sponsored_by_the_International_Society_of_Psychiatric_Genetics.pdf,Medicine,N/A
1997_Vth_World_Congress_of_Psychiatric_Genetics__Santa_Fe__New_Mexico__October_19-23__1997_sponsored_by_the_International_Society_of_Psychiatric_Genetics_poTVW0G.pdf,Medicine,N/A
1998_6th_World_Congress_on_Psychiatric_Genetics__Bonn__Germany__October_6-10__1998_sponsored_by_the_International_Society_of_Psychiatric_Genetics.pdf,Medicine,N/A
1998_6th_World_Congress_on_Psychiatric_Genetics__Bonn__Germany__October_6-10__1998_sponsored_by_the_International_Society_of_Psychiatric_Genetics_ZSFULx9.pdf,Medicine,N/A
28sici291096-8628281998032829813A23C1963A3Aaid-ajmg143E3.0.co3B2-c.pdf,Unknown,N/A
28sici291096-8628281998032829813A23C1963A3Aaid-ajmg143E3_nCUU4QQ.0.co3B2-c.pdf,Unknown,N/A
28sici291096-8628281998041329763A53C4473A3Aaid-ajmg153E3.0.co3B2-m.pdf,Unknown,N/A
28sici291096-8628281998041329763A53C4473A3Aaid-ajmg153E3_jg02acF.0.co3B2-m.pdf,Unknown,N/A
28sici291096-8628281998072429783A43C3973A3Aaid-ajmg253E3.0.co3B2-c.pdf,Unknown,N/A
28sici291096-8628281998072429783A43C3973A3Aaid-ajmg253E3_WA2QVsU.0.co3B2-c.pdf,Unknown,N/A
28sici291096-8628281998092329793A33C2313A3Aaid-ajmg173E3.0.co3B2-i.pdf,Unknown,N/A
28sici291096-8628281998092329793A33C2313A3Aaid-ajmg173E3_hLjzl2B.0.co3B2-i.pdf,Unknown,N/A
28sici291096-8628281998110629813A63C5033A3Aaid-ajmg63E3.0.co3B2-5.pdf,Unknown,N/A
28sici291096-8628281998110629813A63C5033A3Aaid-ajmg63E3_EqdScxE.0.co3B2-5.pdf,Unknown,N/A
28sici291096-8628281998110629813A63C5243A3Aaid-ajmg73E3.0.co3B2-w.pdf,Unknown,N/A
28sici291096-8628281998110629813A63C5243A3Aaid-ajmg73E3_TGb9r8a.0.co3B2-w.pdf,Unknown,N/A
28sici291096-8628281998110629813A63C5463A3Aaid-ajmg83E3.0.co3B2-l.pdf,Unknown,N/A
28sici291096-8628281998110629813A63C5463A3Aaid-ajmg83E3_wMUV1oi.0.co3B2-l.pdf,Unknown,N/A
10.1007_0-8176-4462-8_3.pdf,Unknown,N/A
10.1007_978-1-4939-8805-1_5.pdf,Unknown,"10.1007/978-1-4939-8805-1_5,©SpringerScience+BusinessMedia,LLC,partofSpringerNature2019"
10.1007_978-90-481-3055-9_17.pdf,Unknown,"10.1007/978-90-481-3055-9_17,"
10.1007_978-94-007-4978-8_4.pdf,Unknown,"10.1007/978-94-007-4978-8,"
10.1016_b978-0-323-53088-0.00017-8.pdf,Unknown,N/A
10.1016_j.colsurfb.2018.10.055.pdf,Unknown,10.1016/j.colsurfb.2018.10.055
A Bayesian approach to the analysis of environmental fate and behaviour data for pesticide registration.pdf,Unknown_1_A Bayesian approach to the analysis of environmental fate and behaviour data for pesticide registration.pdf,Unknown,N/A
A new type of plant activator_ thieno_2_3-d_1_2_3_thiadiazole-6-carboxylic acid derivatives.pdf,Unknown_2_A new type of plant activator_ thieno_2_3-d_1_2_3_thiadiazole-6-carboxylic acid derivatives.pdf,Unknown,N/A
A novel assay for hepatitis B e markers.pdf,Unknown_3_A novel assay for hepatitis B e markers.pdf,Unknown,N/A
A novel thiazolidinone herbicide is a potent inhibitor of glucose incorporation into cell wall material.pdf,Unknown_4_A novel thiazolidinone herbicide is a potent inhibitor of glucose incorporation into cell wall material.pdf,Unknown,N/A
Absence of detectable measles virus genome sequence in inflammatory bowel disease tissues and peripheral blood lymphocytes.pdf,Medicine_1_Absence of detectable measles virus genome sequence in inflammatory bowel disease tissues and peripheral blood lymphocytes.pdf,Medicine,N/A
Actions of azadirachtin_ a plant allelochemical_ against insects .pdf,Unknown_5_Actions of azadirachtin_ a plant allelochemical_ against insects .pdf,Unknown,N/A
Acyclovir-resistant Varicella-Zoster virus_ Phenotypic and genetic characterization.pdf,Unknown_6_Acyclovir-resistant Varicella-Zoster virus_ Phenotypic and genetic characterization.pdf,Unknown,N/A
Adenovirus-receptor interaction with human lymphocytes.pdf,Unknown_7_Adenovirus-receptor interaction with human lymphocytes.pdf,Unknown,N/A
Aerobic soil metabolism of flupyrazofos.pdf,Unknown_8_Aerobic soil metabolism of flupyrazofos.pdf,Unknown,N/A
Age-specific prevalence and genetic diversity of GBV-C_hepatitis G virus in Brazil.pdf,Unknown_9_Age-specific prevalence and genetic diversity of GBV-C_hepatitis G virus in Brazil.pdf,Unknown,N/A
Amino-terminal epitopes are exposed when full-length open reading frame 2 of hepatitis E virus is expressed in Escherichia coli_ but carboxy-terminal epitopes are masked.pdf,Unknown_1_Amino-terminal epitopes are exposed when full-length open reading frame 2 of hepatitis E virus is expressed in Escherichia coli_ but carboxy-terminal epitopes are masked.pdf,Unknown,N/A
Analysis of genetic diversity in the VP1 unique region gene of human parvovirus B19 using the mismatch detection method and direct nucleotide sequencing.pdf,Sport_1_Analysis of genetic diversity in the VP1 unique region gene of human parvovirus B19 using the mismatch detection method and direct nucleotide sequencing.pdf,Sport,N/A
Analysis of influenza A H3N2 strains isolated in England during 1995-1996 using polymerase chain reaction restriction.pdf,Unknown_2_Analysis of influenza A H3N2 strains isolated in England during 1995-1996 using polymerase chain reaction restriction.pdf,Unknown,N/A
Analysis of mother-to-infant transmission of hepatitis C virus_ Quasispecies nature and buoyant densities of maternal virus populations.pdf,Unknown_3_Analysis of mother-to-infant transmission of hepatitis C virus_ Quasispecies nature and buoyant densities of maternal virus populations.pdf,Unknown,N/A
Analysis of the Hepatitis B virus precore and ORF-X sequences in patients with antibody to hepatitis B e antigen with and without normal ALT levels.pdf,Medicine_1_Analysis of the Hepatitis B virus precore and ORF-X sequences in patients with antibody to hepatitis B e antigen with and without normal ALT levels.pdf,Medicine,N/A
Analysis of the serotonin transporter gene linked polymorphism (5-HTTLPR) in anorexia nervosa.pdf,Sport_2_Analysis of the serotonin transporter gene linked polymorphism (5-HTTLPR) in anorexia nervosa.pdf,Sport,N/A
Antibody against the Epstein-Barr virus BHRF1 protein_ a homologue of Bcl-2_ in patients with nasopharyngeal carcinoma.pdf,Medicine_2_Antibody against the Epstein-Barr virus BHRF1 protein_ a homologue of Bcl-2_ in patients with nasopharyngeal carcinoma.pdf,Medicine,N/A
Antibody response to human cytomegalovirus (HCMV) glycoprotein B (gB) in AIDS patients with HCMV end-organ disease.pdf,Medicine_3_Antibody response to human cytomegalovirus (HCMV) glycoprotein B (gB) in AIDS patients with HCMV end-organ disease.pdf,Medicine,N/A
Antienvelope antibodies are protective against GBV-C reinfection_ Evidence from the liver transplant model.pdf,Unknown_4_Antienvelope antibodies are protective against GBV-C reinfection_ Evidence from the liver transplant model.pdf,Unknown,N/A
Approaches to in-vitro lead generation for fungicide invention.pdf,Unknown_5_Approaches to in-vitro lead generation for fungicide invention.pdf,Unknown,N/A
Aquatic ecotoxicology of the pyrethroid insecticide lambda-cyhalothrin_ considerations for higher-tier aquatic risk assessment.pdf,Cybersecurity_1_Aquatic ecotoxicology of the pyrethroid insecticide lambda-cyhalothrin_ considerations for higher-tier aquatic risk assessment.pdf,Cybersecurity,N/A
Are we analysing knockdown in the right way_ how independence of the knockdown-recovery process from mortality may affect measures for behavioural effects in pesticide bioassays.pdf,Sport_3_Are we analysing knockdown in the right way_ how independence of the knockdown-recovery process from mortality may affect measures for behavioural effects in pesticide bioassays.pdf,Sport,N/A
Assessing the ground-water contamination potential of agricultural chemicals_ a flexible approach to mobility and degradation studies.pdf,Unknown_6_Assessing the ground-water contamination potential of agricultural chemicals_ a flexible approach to mobility and degradation studies.pdf,Unknown,N/A
Association analysis of 5HT transporter gene in bipolar disorder in the Indian population.pdf,Sport_4_Association analysis of 5HT transporter gene in bipolar disorder in the Indian population.pdf,Sport,N/A
Attachment of hepatitis C virus to cultured cells_ A novel predictive factor for successful interferon therapy.pdf,Medicine_4_Attachment of hepatitis C virus to cultured cells_ A novel predictive factor for successful interferon therapy.pdf,Medicine,N/A
Avidity determination of IgG directed against tick-borne encephalitis virus improves detection of current infections.pdf,Unknown_7_Avidity determination of IgG directed against tick-borne encephalitis virus improves detection of current infections.pdf,Unknown,N/A
Biosensors for the measurement of toxicity of wastewaters to activated sludge.pdf,IoT_1_Biosensors for the measurement of toxicity of wastewaters to activated sludge.pdf,IoT,N/A
Book review_ Chlorinated organic micropollutants. ed. R. E. Hester _ R. M. Harrison_ Royal Society of Chemistry_ Cambridge_ 1996_ 184 pp._ price UK_17.50. ISBN 0-85404-225-3.pdf,Medicine_5_Book review_ Chlorinated organic micropollutants. ed. R. E. Hester _ R. M. Harrison_ Royal Society of Chemistry_ Cambridge_ 1996_ 184 pp._ price UK_17.50. ISBN 0-85404-225-3.pdf,Medicine,N/A
Book review_ Induced responses to herbivory. ed. R. Karban _ I. T. Baldwin_ The University of Chicago Press_ Chicago_ 1997_ ix_319 pp._ price US_dollar_27.95_ UK_14.25. ISBN 0 226 42496 0..pdf,Education_1_Book review_ Induced responses to herbivory. ed. R. Karban _ I. T. Baldwin_ The University of Chicago Press_ Chicago_ 1997_ ix_319 pp._ price US_dollar_27.95_ UK_14.25. ISBN 0 226 42496 0..pdf,Education,N/A
Book review_ Risk reduction_ chemicals and energy into the 21st century. ed. Mervyn L. Richardson_ Taylor _ Francis Ltd_ London_ 1996_ 612 pp._ UK_115.00. ISBN 0-7484-0398-1.pdf,Unknown_8_Book review_ Risk reduction_ chemicals and energy into the 21st century. ed. Mervyn L. Richardson_ Taylor _ Francis Ltd_ London_ 1996_ 612 pp._ UK_115.00. ISBN 0-7484-0398-1.pdf,Unknown,N/A
Book review_ The ecology of agricultural pests_ biochemical approaches_ ed. W. O. C. Symondson _ J. E. Liddell_ Chapman and Hall_ London_ 1996_ 517 pp._ price UK_75.00. ISBN 0 412 62190 8..pdf,Unknown_9_Book review_ The ecology of agricultural pests_ biochemical approaches_ ed. W. O. C. Symondson _ J. E. Liddell_ Chapman and Hall_ London_ 1996_ 517 pp._ price UK_75.00. ISBN 0 412 62190 8..pdf,Unknown,N/A
Changes in intracellular cytokine levels in newborn and adult lymphocytes induced by HSV-1.pdf,Unknown_10_Changes in intracellular cytokine levels in newborn and adult lymphocytes induced by HSV-1.pdf,Unknown,N/A
Characterisation of antibody models of the ryanodine receptor for use in high-throughput screening.pdf,Unknown_11_Characterisation of antibody models of the ryanodine receptor for use in high-throughput screening.pdf,Unknown,N/A
Characterization of viremia at different stages of varicella-zoster virus infection.pdf,Unknown_12_Characterization of viremia at different stages of varicella-zoster virus infection.pdf,Unknown,N/A
Chemical-inducible gene expression systems for plants-a review.pdf,Unknown_13_Chemical-inducible gene expression systems for plants-a review.pdf,Unknown,N/A
Clinical implications of GB virus C.pdf,Medicine_6_Clinical implications of GB virus C.pdf,Medicine,N/A
Comparison of antibody responses to different forms of HIV-1 core antigens by epitope mapping.pdf,Unknown_14_Comparison of antibody responses to different forms of HIV-1 core antigens by epitope mapping.pdf,Unknown,N/A
Comparison of RT-PCR with other diagnostic assays for rapid detection of influenza viruses.pdf,Unknown_15_Comparison of RT-PCR with other diagnostic assays for rapid detection of influenza viruses.pdf,Unknown,N/A
Comprehensive investigation of the presence of JC virus in AIDS patients with and without progressive multifocal leukoencephalopathy.pdf,Medicine_7_Comprehensive investigation of the presence of JC virus in AIDS patients with and without progressive multifocal leukoencephalopathy.pdf,Medicine,N/A
Correction_ Pestic. Sci. 53_ 201-208 (1998).pdf,Unknown_16_Correction_ Pestic. Sci. 53_ 201-208 (1998).pdf,Unknown,N/A
Cross-resistance between azinphos-methyl and tebufenozide in the greenheaded leafroller_ Planotortrix octo.pdf,Unknown_17_Cross-resistance between azinphos-methyl and tebufenozide in the greenheaded leafroller_ Planotortrix octo.pdf,Unknown,N/A
Current research at Zeneca Agrochemicals - changing the paradigm.pdf,Unknown_18_Current research at Zeneca Agrochemicals - changing the paradigm.pdf,Unknown,N/A
Deletions in the hepatitis B virus core gene may influence the clinical outcome in hepatitis B e antigen-positive asymptomatic healthy carriers.pdf,Medicine_8_Deletions in the hepatitis B virus core gene may influence the clinical outcome in hepatitis B e antigen-positive asymptomatic healthy carriers.pdf,Medicine,N/A
Detection and genotyping of the hepatitis C RNA in tear fluid from patients with chronic hepatitis C.pdf,Medicine_9_Detection and genotyping of the hepatitis C RNA in tear fluid from patients with chronic hepatitis C.pdf,Medicine,N/A
Detection of adenovirus DNA in peripheral blood mononuclear cells by polymerase chain reaction assay.pdf,Unknown_19_Detection of adenovirus DNA in peripheral blood mononuclear cells by polymerase chain reaction assay.pdf,Unknown,N/A
Detection of antibodies to E2-protein of GB virus-C_hepatitis G virus in patients with acute posttransfusion hepatitis.pdf,Medicine_10_Detection of antibodies to E2-protein of GB virus-C_hepatitis G virus in patients with acute posttransfusion hepatitis.pdf,Medicine,N/A
Detection of archetype and rearranged variants of JC virus in multiple tissues from a pediatric PML patient.pdf,Medicine_11_Detection of archetype and rearranged variants of JC virus in multiple tissues from a pediatric PML patient.pdf,Medicine,N/A
Detection of GB virus-C_hepatitis G virus genome in peripheral blood mononuclear cells and liver tissue.pdf,Unknown_20_Detection of GB virus-C_hepatitis G virus genome in peripheral blood mononuclear cells and liver tissue.pdf,Unknown,N/A
Detection of human herpesvirus 7 (HHV-7) DNA in breast milk by polymerase chain reaction and prevalence of HHV-7 antibody in breast-fed and bottle-fed children.pdf,Unknown_21_Detection of human herpesvirus 7 (HHV-7) DNA in breast milk by polymerase chain reaction and prevalence of HHV-7 antibody in breast-fed and bottle-fed children.pdf,Unknown,N/A
Detection of iron in tissues from slugs (deroceras reticulatum m_ller) after ingestion of iron chelates_ by means of energy-filtering transmission electron microscopy (EFTEM).pdf,Unknown_22_Detection of iron in tissues from slugs (deroceras reticulatum m_ller) after ingestion of iron chelates_ by means of energy-filtering transmission electron microscopy (EFTEM).pdf,Unknown,N/A
Detection of latent varicella-zoster virus infection in human vestibular and spiral ganglia.pdf,Unknown_23_Detection of latent varicella-zoster virus infection in human vestibular and spiral ganglia.pdf,Unknown,N/A
Detection of mumps virus genome directly from clinical samples and a simple method for genetic differentiation of the Hoshino vaccine strain from wild strains of mumps virus.pdf,Medicine_12_Detection of mumps virus genome directly from clinical samples and a simple method for genetic differentiation of the Hoshino vaccine strain from wild strains of mumps virus.pdf,Medicine,N/A
Detection of varicella-zoster virus DNA in patients with acute peripheral facial palsy by the polymerase chain reaction_ and its use for early diagnosis of zoster sine herpete.pdf,Medicine_13_Detection of varicella-zoster virus DNA in patients with acute peripheral facial palsy by the polymerase chain reaction_ and its use for early diagnosis of zoster sine herpete.pdf,Medicine,N/A
Development of antibodies to the nonstructural Protein NS1 of parvovirus B19 during acute symptomatic and subclinical infection in pregnancy_ Implications for pathogenesis doubtful.pdf,Medicine_14_Development of antibodies to the nonstructural Protein NS1 of parvovirus B19 during acute symptomatic and subclinical infection in pregnancy_ Implications for pathogenesis doubtful.pdf,Medicine,N/A
Development of viremia and humoral and cellular parameters of immune activation after vaccination with yellow fever virus strain 17D_ A model of human flavivirus infection.pdf,Unknown_24_Development of viremia and humoral and cellular parameters of immune activation after vaccination with yellow fever virus strain 17D_ A model of human flavivirus infection.pdf,Unknown,N/A
Differential flotation centrifugation study of hepatitis C virus and response to interferon therapy.pdf,Medicine_15_Differential flotation centrifugation study of hepatitis C virus and response to interferon therapy.pdf,Medicine,N/A
Differential responses of germinating Venturia inaequalis conidia to kresoxim-methyl.pdf,Unknown_25_Differential responses of germinating Venturia inaequalis conidia to kresoxim-methyl.pdf,Unknown,N/A
Diffusive movement of simazine and lindane in river-bed sediments .pdf,Unknown_26_Diffusive movement of simazine and lindane in river-bed sediments .pdf,Unknown,N/A
Divergent evolution of hepatitis C virus in liver and peripheral blood mononuclear cells of infected patients.pdf,Medicine_16_Divergent evolution of hepatitis C virus in liver and peripheral blood mononuclear cells of infected patients.pdf,Medicine,N/A
DPX-MP062-a potent compound for controlling the Egyptian cotton leafworm Spodoptera littoralis (Boisd.) .pdf,Unknown_27_DPX-MP062-a potent compound for controlling the Egyptian cotton leafworm Spodoptera littoralis (Boisd.) .pdf,Unknown,N/A
Editorial.pdf,Unknown_28_Editorial.pdf,Unknown,N/A
Effect of carpropamid on secondary infection by rice blast fungus.pdf,Unknown_29_Effect of carpropamid on secondary infection by rice blast fungus.pdf,Unknown,N/A
Effects of sterol biosynthesis inhibitor fungicides in the phytopathogenic fungus_ Nectria haematococca_ ergosterol depletion versus precursor or abnormal sterol accumulation as the mechanism of fungi.pdf,Unknown_30_Effects of sterol biosynthesis inhibitor fungicides in the phytopathogenic fungus_ Nectria haematococca_ ergosterol depletion versus precursor or abnormal sterol accumulation as the mechanism of fungi.pdf,Unknown,N/A
Elevated levels of IL-8 in dengue hemorrhagic fever.pdf,Unknown_31_Elevated levels of IL-8 in dengue hemorrhagic fever.pdf,Unknown,N/A
Enantioselective catalysis for agrochemicals_ synthetic routes to (S)-metolachlor_ (R)-metalaxyl and (_alpha_S_3R)-clozylacon.pdf,Unknown_32_Enantioselective catalysis for agrochemicals_ synthetic routes to (S)-metolachlor_ (R)-metalaxyl and (_alpha_S_3R)-clozylacon.pdf,Unknown,N/A
Enzyme-linked immunosorbent assay-IgG antibody avidity test for single sample serologic evaluation of measles vaccines.pdf,Mathematics_1_Enzyme-linked immunosorbent assay-IgG antibody avidity test for single sample serologic evaluation of measles vaccines.pdf,Mathematics,N/A
Estimated susceptibility to asymptomatic secondary immune response against measles in late convalescent and vaccinated persons.pdf,Unknown_33_Estimated susceptibility to asymptomatic secondary immune response against measles in late convalescent and vaccinated persons.pdf,Unknown,N/A
Ethnic cluster of HTLV-I infection in Israel among the Mashhadi Jewish population.pdf,Unknown_34_Ethnic cluster of HTLV-I infection in Israel among the Mashhadi Jewish population.pdf,Unknown,N/A
Evaluation of multiple antibodies to Epstein-Barr virus as markers for detecting patients with nasopharyngeal carcinoma.pdf,Medicine_17_Evaluation of multiple antibodies to Epstein-Barr virus as markers for detecting patients with nasopharyngeal carcinoma.pdf,Medicine,N/A
Evaluation of the detection of human papillomavirus genotypes in cervical specimens by hybrid capture as screening for precancerous lesions in HIV-positive women.pdf,Unknown_35_Evaluation of the detection of human papillomavirus genotypes in cervical specimens by hybrid capture as screening for precancerous lesions in HIV-positive women.pdf,Unknown,N/A
Evidence of an attractant from virgin females of Bephratelloides pomorum (Hymenoptera_ Eurytomidae)_ possible role of cuticular compounds.pdf,Unknown_36_Evidence of an attractant from virgin females of Bephratelloides pomorum (Hymenoptera_ Eurytomidae)_ possible role of cuticular compounds.pdf,Unknown,N/A
Experimental CVB3-induced chronic myocarditis in two murine strains_ Evidence of interrelationships between virus replication and myocardial damage in persistent cardiac infection.pdf,Medicine_18_Experimental CVB3-induced chronic myocarditis in two murine strains_ Evidence of interrelationships between virus replication and myocardial damage in persistent cardiac infection.pdf,Medicine,N/A
Expression of interferon alpha_beta receptor in the liver of chronic hepatitis C patients.pdf,Medicine_19_Expression of interferon alpha_beta receptor in the liver of chronic hepatitis C patients.pdf,Medicine,N/A
Factors affecting foliar retention of some model adjuvant oil-in-water emulsions.pdf,Unknown_37_Factors affecting foliar retention of some model adjuvant oil-in-water emulsions.pdf,Unknown,N/A
False negativity by an anti-HIV assay kit (IMx 8B32) and evaluation of its replacement (IMx 8C98).pdf,Unknown_38_False negativity by an anti-HIV assay kit (IMx 8B32) and evaluation of its replacement (IMx 8C98).pdf,Unknown,N/A
Fecal excretion of a nonenveloped DNA virus (TTV) associated with posttransfusion non-A-G hepatitis.pdf,Unknown_39_Fecal excretion of a nonenveloped DNA virus (TTV) associated with posttransfusion non-A-G hepatitis.pdf,Unknown,N/A
Fenitrothion toxicity in triatoma infestans synergized by quercetin or thymol blue.pdf,Unknown_40_Fenitrothion toxicity in triatoma infestans synergized by quercetin or thymol blue.pdf,Unknown,N/A
Fulminant demyelinating encephalomyelitis associated with productive HHV-6 infection in an immunocompetent adult.pdf,Unknown_41_Fulminant demyelinating encephalomyelitis associated with productive HHV-6 infection in an immunocompetent adult.pdf,Unknown,N/A
GBV-C_HGV coinfection in HIV-1-positive men_ Frequent detection of viral RNA in blood plasma but absence from seminal fluid plasma.pdf,Unknown_42_GBV-C_HGV coinfection in HIV-1-positive men_ Frequent detection of viral RNA in blood plasma but absence from seminal fluid plasma.pdf,Unknown,N/A
Genetic variation in the serotonin transporter promoter region affects serotonin uptake in human blood platelets.pdf,Sport_5_Genetic variation in the serotonin transporter promoter region affects serotonin uptake in human blood platelets.pdf,Sport,N/A
Glycogen storage disease type Ib_ Structural and mutational analysis of the microsomal glucose-6-phosphate transporter gene.pdf,Sport_6_Glycogen storage disease type Ib_ Structural and mutational analysis of the microsomal glucose-6-phosphate transporter gene.pdf,Sport,N/A
HBV core promoter mutations prevail in patients with hepatocellular carcinoma from Guangxi_ China.pdf,Medicine_20_HBV core promoter mutations prevail in patients with hepatocellular carcinoma from Guangxi_ China.pdf,Medicine,N/A
HCV core immunodominant region analysis using mouse monoclonal antibodies and human sera_ Characterization of major epitopes useful for antigen detection.pdf,Unknown_43_HCV core immunodominant region analysis using mouse monoclonal antibodies and human sera_ Characterization of major epitopes useful for antigen detection.pdf,Unknown,N/A
Hepatitis C (HCV) genotype and viral titer distribution among Argentinean hemophilic patients in the presence or absence of human immunodeficiency virus (HIV) co-infection.pdf,Medicine_21_Hepatitis C (HCV) genotype and viral titer distribution among Argentinean hemophilic patients in the presence or absence of human immunodeficiency virus (HIV) co-infection.pdf,Medicine,N/A
Hepatitis C and human immunodeficiency virus RNA degradation by methylene blue_light treatment of human plasma.pdf,Medicine_22_Hepatitis C and human immunodeficiency virus RNA degradation by methylene blue_light treatment of human plasma.pdf,Medicine,N/A
